id,project_id,project_name,latitude,longitude,area_hectares,land_type,ownership_status,acquisition_status,compensation_status,dispute_status,ownership_risk,legal_risk,compensation_risk,environmental_risk,social_risk,delay_risk,risk_score,risk_level,district,state,owner_reference,notes
NH44-001,NH44,NH-44 Expressway Corridor,21.26480220938319,79.60252651351118,8.45,agricultural,private_multiple,not_started,disputed,minor_dispute,9,7,7,6,6,9,73.5,High,Nagpur,Maharashtra,OWNER-NH44-001,Prototype Dataset
NH44-002,NH44,NH-44 Expressway Corridor,21.056577353782156,79.17808773014977,11.71,industrial,private_single,disputed,assessed,minor_dispute,2,4,3,5,5,6,38.5,Medium,Nagpur,Maharashtra,OWNER-NH44-002,Prototype Dataset
NH44-003,NH44,NH-44 Expressway Corridor,21.486553769705875,79.75702186251632,13.58,forest,disputed,not_started,disputed,court_case,10,7,7,7,10,10,82.0,Critical,Nagpur,Maharashtra,OWNER-NH44-003,Prototype Dataset
NH44-004,NH44,NH-44 Expressway Corridor,21.371455286553623,79.01747362285717,8.12,agricultural,private_single,lapsed,partially_paid,minor_dispute,4,2,6,5,2,3,37.5,Medium,Nagpur,Maharashtra,OWNER-NH44-004,Prototype Dataset
NH44-005,NH44,NH-44 Expressway Corridor,21.07303218189664,79.73504234885792,4.33,industrial,private_single,completed,fully_paid,no_dispute,1,2,0,2,1,0,11.0,Low,Nagpur,Maharashtra,OWNER-NH44-005,Prototype Dataset
NH44-006,NH44,NH-44 Expressway Corridor,21.074010331102528,79.22527106562389,12.43,industrial,private_single,completed,partially_paid,minor_dispute,5,3,2,4,6,6,39.5,Medium,Nagpur,Maharashtra,OWNER-NH44-006,Prototype Dataset
NH44-007,NH44,NH-44 Expressway Corridor,21.27466382049665,79.07883197133049,14.25,residential,private_single,not_started,partially_paid,minor_dispute,4,4,4,4,3,5,40.0,Medium,Nagpur,Maharashtra,OWNER-NH44-007,Prototype Dataset
NH44-008,NH44,NH-44 Expressway Corridor,21.361963163567065,79.73874979474459,5.57,industrial,private_single,completed,partially_paid,no_dispute,3,3,5,5,3,6,40.0,Medium,Nagpur,Maharashtra,OWNER-NH44-008,Prototype Dataset
NH44-009,NH44,NH-44 Expressway Corridor,21.450587810037756,79.36217617915943,7.71,commercial,private_single,lapsed,partially_paid,no_dispute,3,3,3,3,5,4,33.0,Medium,Nagpur,Maharashtra,OWNER-NH44-009,Prototype Dataset
NH44-010,NH44,NH-44 Expressway Corridor,21.1329090908254,79.50133137432259,14.83,industrial,private_multiple,not_started,disputed,minor_dispute,7,5,5,5,5,8,57.0,High,Nagpur,Maharashtra,OWNER-NH44-010,Prototype Dataset
NH44-011,NH44,NH-44 Expressway Corridor,21.09450650894371,79.00416414542023,3.02,forest,private_single,lapsed,fully_paid,no_dispute,0,1,3,2,1,3,15.5,Low,Nagpur,Maharashtra,OWNER-NH44-011,Prototype Dataset
NH44-012,NH44,NH-44 Expressway Corridor,21.387451750364942,79.72803802376424,13.69,forest,private_single,in_progress,fully_paid,no_dispute,0,2,3,1,1,0,13.5,Low,Nagpur,Maharashtra,OWNER-NH44-012,Prototype Dataset
NH44-013,NH44,NH-44 Expressway Corridor,21.330147985498215,79.22391149266161,6.98,forest,private_single,lapsed,approved,no_dispute,0,0,3,1,1,1,9.5,Low,Nagpur,Maharashtra,OWNER-NH44-013,Prototype Dataset
NH44-014,NH44,NH-44 Expressway Corridor,21.475586184487995,79.53586768514549,2.81,forest,private_single,lapsed,assessed,no_dispute,2,5,2,2,6,5,34.5,Medium,Nagpur,Maharashtra,OWNER-NH44-014,Prototype Dataset
NH44-015,NH44,NH-44 Expressway Corridor,21.449860390267396,79.50706280526265,11.11,commercial,private_multiple,lapsed,not_assessed,minor_dispute,9,9,7,6,5,7,75.5,Critical,Nagpur,Maharashtra,OWNER-NH44-015,Prototype Dataset
NH44-016,NH44,NH-44 Expressway Corridor,21.116726481077034,79.30840873968152,11.77,agricultural,private_single,lapsed,approved,no_dispute,2,3,3,2,3,2,25.5,Medium,Nagpur,Maharashtra,OWNER-NH44-016,Prototype Dataset
NH44-017,NH44,NH-44 Expressway Corridor,21.430178512586856,79.36314332876593,1.48,forest,private_single,not_started,fully_paid,no_dispute,3,2,1,0,3,0,16.0,Low,Nagpur,Maharashtra,OWNER-NH44-017,Prototype Dataset
NH44-018,NH44,NH-44 Expressway Corridor,21.280175641970796,79.13116234615994,13.89,industrial,disputed,disputed,disputed,court_case,7,7,10,10,10,9,85.5,Critical,Nagpur,Maharashtra,OWNER-NH44-018,Prototype Dataset
NH44-019,NH44,NH-44 Expressway Corridor,21.256334972751013,79.18339271023218,7.77,commercial,private_single,disputed,fully_paid,no_dispute,2,2,3,2,2,2,22.0,Low,Nagpur,Maharashtra,OWNER-NH44-019,Prototype Dataset
NH44-020,NH44,NH-44 Expressway Corridor,21.168364522971476,79.24622335822849,12.58,agricultural,private_single,completed,partially_paid,no_dispute,2,5,3,2,5,3,33.5,Medium,Nagpur,Maharashtra,OWNER-NH44-020,Prototype Dataset
NH44-021,NH44,NH-44 Expressway Corridor,21.336876779590558,79.53732923555826,12.62,agricultural,private_single,in_progress,fully_paid,no_dispute,2,3,1,3,1,0,19.0,Low,Nagpur,Maharashtra,OWNER-NH44-021,Prototype Dataset
NH44-022,NH44,NH-44 Expressway Corridor,21.018615705401324,79.28674605816953,6.85,forest,private_single,completed,partially_paid,minor_dispute,6,5,4,2,6,4,45.5,Medium,Nagpur,Maharashtra,OWNER-NH44-022,Prototype Dataset
NH44-023,NH44,NH-44 Expressway Corridor,21.387624798902912,79.47165166699943,1.61,agricultural,disputed,not_started,disputed,court_case,9,10,7,9,7,8,85.5,Critical,Nagpur,Maharashtra,OWNER-NH44-023,Prototype Dataset
NH44-024,NH44,NH-44 Expressway Corridor,21.348950690992982,79.23854556658192,9.97,residential,private_multiple,in_progress,disputed,major_dispute,7,8,9,9,5,7,77.5,Critical,Nagpur,Maharashtra,OWNER-NH44-024,Prototype Dataset
NH44-025,NH44,NH-44 Expressway Corridor,21.484934699873243,79.28690158322668,10.02,forest,private_single,lapsed,assessed,no_dispute,4,5,6,5,4,2,46.0,Medium,Nagpur,Maharashtra,OWNER-NH44-025,Prototype Dataset
NH44-026,NH44,NH-44 Expressway Corridor,21.279291263943765,79.54578274643728,5.36,commercial,private_single,lapsed,assessed,minor_dispute,5,3,2,4,3,6,36.5,Medium,Nagpur,Maharashtra,OWNER-NH44-026,Prototype Dataset
NH44-027,NH44,NH-44 Expressway Corridor,21.423118844345996,79.54281194603914,12.97,forest,private_single,in_progress,approved,no_dispute,0,3,1,0,2,1,12.5,Low,Nagpur,Maharashtra,OWNER-NH44-027,Prototype Dataset
NH44-028,NH44,NH-44 Expressway Corridor,21.412514492364974,79.31042463392208,4.37,agricultural,government,disputed,approved,no_dispute,0,2,3,1,0,1,13.5,Low,Nagpur,Maharashtra,OWNER-NH44-028,Prototype Dataset
NH44-029,NH44,NH-44 Expressway Corridor,21.23968337124578,79.03580706064503,5.2,agricultural,private_single,lapsed,assessed,minor_dispute,5,2,4,4,6,3,38.0,Medium,Nagpur,Maharashtra,OWNER-NH44-029,Prototype Dataset
NH44-030,NH44,NH-44 Expressway Corridor,21.29114946190167,79.12479172614266,3.09,residential,private_single,lapsed,partially_paid,no_dispute,5,3,2,2,2,5,31.5,Medium,Nagpur,Maharashtra,OWNER-NH44-030,Prototype Dataset
NH44-031,NH44,NH-44 Expressway Corridor,21.27766385440039,79.48726487196137,2.73,commercial,private_multiple,lapsed,disputed,minor_dispute,5,9,5,5,9,9,68.0,High,Nagpur,Maharashtra,OWNER-NH44-031,Prototype Dataset
NH44-032,NH44,NH-44 Expressway Corridor,21.008185182087967,79.58550033070328,2.81,forest,private_single,in_progress,partially_paid,minor_dispute,3,4,4,6,5,2,40.0,Medium,Nagpur,Maharashtra,OWNER-NH44-032,Prototype Dataset
NH44-033,NH44,NH-44 Expressway Corridor,21.44661436797715,79.59499662629729,12.09,agricultural,private_multiple,disputed,disputed,major_dispute,8,8,9,5,5,5,71.5,High,Nagpur,Maharashtra,OWNER-NH44-033,Prototype Dataset
NH44-034,NH44,NH-44 Expressway Corridor,21.248338409107312,79.39269127351217,1.99,commercial,government,in_progress,fully_paid,no_dispute,1,1,2,2,2,3,16.5,Low,Nagpur,Maharashtra,OWNER-NH44-034,Prototype Dataset
NH44-035,NH44,NH-44 Expressway Corridor,21.490774246281237,79.6294926313522,8.3,agricultural,private_single,in_progress,approved,no_dispute,2,0,2,3,1,1,14.5,Low,Nagpur,Maharashtra,OWNER-NH44-035,Prototype Dataset
NH44-036,NH44,NH-44 Expressway Corridor,21.247887723718335,79.26674702525521,10.74,commercial,government,disputed,fully_paid,no_dispute,2,1,1,2,3,1,15.5,Low,Nagpur,Maharashtra,OWNER-NH44-036,Prototype Dataset
NH44-037,NH44,NH-44 Expressway Corridor,21.17799448325034,79.7652125769785,1.6,residential,private_single,lapsed,partially_paid,minor_dispute,5,5,2,2,3,6,38.5,Medium,Nagpur,Maharashtra,OWNER-NH44-037,Prototype Dataset
NH44-038,NH44,NH-44 Expressway Corridor,21.050771980359617,79.15820368170398,1.53,industrial,government,not_started,fully_paid,no_dispute,1,3,2,2,2,1,19.5,Low,Nagpur,Maharashtra,OWNER-NH44-038,Prototype Dataset
NH44-039,NH44,NH-44 Expressway Corridor,21.195172107331455,79.7135210566076,1.51,agricultural,disputed,disputed,disputed,court_case,10,9,10,10,7,10,94.5,Critical,Nagpur,Maharashtra,OWNER-NH44-039,Prototype Dataset
NH44-040,NH44,NH-44 Expressway Corridor,21.275488272891042,79.06951365501637,13.58,commercial,private_single,in_progress,fully_paid,no_dispute,2,2,3,3,2,2,23.5,Low,Nagpur,Maharashtra,OWNER-NH44-040,Prototype Dataset
NH44-041,NH44,NH-44 Expressway Corridor,21.310048360844622,79.35789944037181,1.8,commercial,government,disputed,approved,no_dispute,2,2,3,3,2,3,24.5,Low,Nagpur,Maharashtra,OWNER-NH44-041,Prototype Dataset
NH44-042,NH44,NH-44 Expressway Corridor,21.34111960690428,79.3697668164051,6.9,residential,disputed,in_progress,disputed,court_case,9,10,10,10,7,10,95.0,Critical,Nagpur,Maharashtra,OWNER-NH44-042,Prototype Dataset
NH44-043,NH44,NH-44 Expressway Corridor,21.136184383071036,79.67646251368821,1.34,industrial,disputed,in_progress,disputed,court_case,8,10,8,10,10,10,92.0,Critical,Nagpur,Maharashtra,OWNER-NH44-043,Prototype Dataset
NH44-044,NH44,NH-44 Expressway Corridor,21.14244817397248,79.43584586331062,4.27,industrial,private_single,lapsed,assessed,minor_dispute,6,4,6,6,6,3,52.0,High,Nagpur,Maharashtra,OWNER-NH44-044,Prototype Dataset
NH44-045,NH44,NH-44 Expressway Corridor,21.125267982319432,79.21287473995014,6.63,forest,government,in_progress,fully_paid,no_dispute,3,0,1,2,1,3,15.0,Low,Nagpur,Maharashtra,OWNER-NH44-045,Prototype Dataset
NH44-046,NH44,NH-44 Expressway Corridor,21.314449177210438,79.44070231390684,10.08,industrial,disputed,disputed,disputed,court_case,10,8,7,9,8,8,83.5,Critical,Nagpur,Maharashtra,OWNER-NH44-046,Prototype Dataset
NH44-047,NH44,NH-44 Expressway Corridor,21.450365927428095,79.18714796380692,5.84,industrial,private_single,completed,assessed,minor_dispute,3,3,3,3,6,6,36.0,Medium,Nagpur,Maharashtra,OWNER-NH44-047,Prototype Dataset
NH44-048,NH44,NH-44 Expressway Corridor,21.375914510732464,79.17663250746622,9.29,agricultural,private_multiple,not_started,not_assessed,major_dispute,5,8,6,5,9,7,65.5,High,Nagpur,Maharashtra,OWNER-NH44-048,Prototype Dataset
NH44-049,NH44,NH-44 Expressway Corridor,21.00227447461085,79.60282042106364,6.45,industrial,disputed,completed,disputed,court_case,10,10,7,10,7,10,91.0,Critical,Nagpur,Maharashtra,OWNER-NH44-049,Prototype Dataset
NH44-050,NH44,NH-44 Expressway Corridor,21.44432198146817,79.13662106630827,13.5,industrial,private_single,completed,assessed,minor_dispute,4,5,5,5,4,3,45.0,Medium,Nagpur,Maharashtra,OWNER-NH44-050,Prototype Dataset
NH44-051,NH44,NH-44 Expressway Corridor,21.114849468279484,79.20259218513318,9.73,commercial,disputed,not_started,disputed,court_case,7,10,8,9,9,10,87.5,Critical,Nagpur,Maharashtra,OWNER-NH44-051,Prototype Dataset
NH44-052,NH44,NH-44 Expressway Corridor,21.435923992838795,79.33137851779817,4.79,residential,government,completed,approved,no_dispute,3,3,1,2,3,1,22.5,Low,Nagpur,Maharashtra,OWNER-NH44-052,Prototype Dataset
NH44-053,NH44,NH-44 Expressway Corridor,21.26567411563547,79.34050652244706,1.66,forest,private_single,in_progress,fully_paid,no_dispute,3,2,0,0,3,1,15.0,Low,Nagpur,Maharashtra,OWNER-NH44-053,Prototype Dataset
NH44-054,NH44,NH-44 Expressway Corridor,21.078313052151607,79.47397190247764,2.95,industrial,private_multiple,disputed,disputed,minor_dispute,7,8,6,6,9,5,69.0,High,Nagpur,Maharashtra,OWNER-NH44-054,Prototype Dataset
NH44-055,NH44,NH-44 Expressway Corridor,21.264151006006536,79.0833546288062,4.67,forest,disputed,completed,disputed,court_case,9,7,10,8,10,9,86.5,Critical,Nagpur,Maharashtra,OWNER-NH44-055,Prototype Dataset
NH44-056,NH44,NH-44 Expressway Corridor,21.028246011233215,79.65885380911703,8.95,forest,private_single,completed,partially_paid,no_dispute,3,5,3,6,4,6,43.5,Medium,Nagpur,Maharashtra,OWNER-NH44-056,Prototype Dataset
NH44-057,NH44,NH-44 Expressway Corridor,21.139173706581595,79.54646135300979,7.6,residential,private_single,in_progress,partially_paid,no_dispute,2,5,2,6,6,4,39.5,Medium,Nagpur,Maharashtra,OWNER-NH44-057,Prototype Dataset
NH44-058,NH44,NH-44 Expressway Corridor,21.030263787246945,79.1165419956477,0.71,forest,private_multiple,not_started,disputed,major_dispute,5,9,9,7,7,8,76.0,Critical,Nagpur,Maharashtra,OWNER-NH44-058,Prototype Dataset
NH44-059,NH44,NH-44 Expressway Corridor,21.329060592224543,79.27581374481379,3.62,commercial,government,lapsed,approved,no_dispute,0,2,3,0,3,3,17.0,Low,Nagpur,Maharashtra,OWNER-NH44-059,Prototype Dataset
NH44-060,NH44,NH-44 Expressway Corridor,21.19374280300089,79.03378641085293,12.04,forest,private_multiple,lapsed,not_assessed,minor_dispute,9,7,9,5,9,7,77.0,Critical,Nagpur,Maharashtra,OWNER-NH44-060,Prototype Dataset
